{
  "world" : "pvp1",
  "x" : 61.72291977786165,
  "y" : 6.0,
  "z" : 27.85676454809372,
  "pitch" : 5.5500026,
  "yaw" : 147.45009
}